Metric,Value
Conversion Rate A,0.12039917935897611
Conversion Rate B,0.11891957956489856
T-statistic,1.2369207675839398
P-value,0.21611748562490823
Significant?,False
